"아리아","중구 소공로 106, 서울, 대한민국","37.5644","126.98"
"스시로로","동작대로23길 29, 서울, 대한민국","37.4841","126.98"
"롯데리아 롯데마트서울역사점","중구 청파로 426, 서울, 대한민국","37.5574","126.969"
"브루클린 더버거조인트","서초구 동광로43길 51-13, 서울, 대한민국","37.4972","127.001"
"모모야마","중구 을지로 30, 서울, 대한민국","37.565","126.981"
"플레이버즈","서울특별시 서초구 신반포로 176, 서울, 대한민국","37.5041","127.003"
"양국","강남구 논현로95길 15, 서울, 대한민국","37.502","127.035"
"주","서초구 동광로19길 16, 서울, 대한민국","37.4932","126.989"
"스시타츠","강남구 도산대로28길 18, 서울, 대한민국","37.518","127.028"
"마끼노차야","강남구 역삼동 824-24, 서울, 대한민국","37.498","127.031"
"스시 조","중구 소공동 87 서울 웨스틴 조선 호텔, 서울, 대한민국","37.5644","126.98"
"제스트","영등포구 국제금융로 10, 서울, 대한민국","37.5249","126.925"
"Ariakke","202, Jangchung-dong 2-ga, Jung-gu, 서울, 대한민국","37.557","127.006"
"소이연남","동교로 267, 서울, 대한민국","37.5635","126.925"
"울프강스테이크하우스코리아","강남구 선릉로152길 21, 서울, 대한민국","37.5245","127.041"
"망고 식스 압구정점","강남구 신사동 648-13, 서울, 대한민국","37.5236","127.037"
"공릉닭한마리","종로구 종로40가길 20, 서울, 대한민국","37.5704","127.006"
"광화문집","종로구 새문안로5길 12, 서울, 대한민국","37.5713","126.975"
"하동관","중구 명동9길 12, 서울, 대한민국","37.5644","126.985"
"쉐이크쉑 - 종각점","종로구 종로 33, 서울, 대한민국","37.5717","127.001"
"토다이 명동점","중구 명동2가 83-5 눈스퀘어 7층, 서울, 대한민국","37.5634","126.983"
"할매재첩국 대치점","강남구 삼성로 308, 서울, 대한민국","37.4996","127.061"
"스시 효","강남구 청담동 21-16, 서울, 대한민국","37.5221","127.042"
"서울서 둘째로 잘하는 집","종로구 삼청로 122-1, 서울, 대한민국","37.5862","126.982"
"오가와","종로구 당주동 5, 서울, 대한민국","37.572","126.974"
"피에르 가니에르 서울","중구 남대문로 81, 서울, 대한민국","37.5647","126.982"
"샐러디언","삼성로108길 20, 서울, 대한민국","37.512","127.056"
"빈스앤베리즈","청파로 378, 서울, 대한민국","37.5491","126.97"
"쿠시무라","와우산로3길 13, 서울, 대한민국","37.546","126.922"
"탑 클라우드","종로구 종로2가 6번지 종로타워 33층, 서울, 대한민국","37.5707","126.984"
"스시웨이 이태원점","용산구 이태원로20길 2-10, 서울, 대한민국","37.534","126.991"
"은행골","종로구 창경궁로26길 38, 서울, 대한민국","37.5818","127"
"영동족발","양재동 1-8, 서울, 대한민국","37.4842","127.038"
"기꾸","용산구 이촌동 301-160 현대아파트상가 31-110호, 서울, 대한민국","37.5185","126.981"
"갓포아키","언주로164길 34-2, 서울, 대한민국","37.5252","127.036"
"마루심","서초구 고무래로10길 10, 서울, 대한민국","37.5019","127.01"
"해랑스시","한강대로 416, 서울, 대한민국","37.5555","126.974"
"KFC 서울대1점","관악구 봉천동 857-4, 서울, 대한민국","37.4805","126.953"
"더 마켓 키친","종로구 새문안로 97, 서울, 대한민국","37.5697","126.972"
"이성당카페","올림픽로 300, 서울, 대한민국","37.5134","127.104"
"꾸띠 자르당","용산구 보광로 120, 서울, 대한민국","37.5334","126.995"
"더 파크뷰","서울특별시 중구 장충동2가 202 신라호텔 1F, 서울, 대한민국","37.557","127.006"
"만족오향족발 시청점","중구 서소문로 134-10, 서울, 대한민국","37.5633","126.976"
"유닭스토리","신촌로 105-5, 서울, 대한민국","37.5558","126.937"
"이문설렁탕","우정국로 38-13, 서울, 대한민국","37.5727","126.984"
"Palais de Gaumont","118-10, Cheongdam-Dong, Gangnam-Gu, 서울, 대한민국","37.5258","127.047"
"예원","퇴계로2길 1, 서울, 대한민국","37.5575","126.977"
"한서칼국수","연무장7길 16, 서울, 대한민국","37.5439","127.055"
"엔제리너스 서울역KTX점","용산구 한강대로 405, 서울, 대한민국","37.5491","126.97"
"더 팀버 하우스, 파크 하얏트 서울","강남구 테헤란로 606, 서울, 대한민국","37.5086","127.064"
"소연 삼성점","강남구 봉은사로84길 24-2, 서울, 대한민국","37.5117","127.056"
"무교동 북어국집","중구 을지로1길 38, 서울, 대한민국","37.5677","126.98"
"구스토 타코","마포구 와우산로 41, 서울, 대한민국","37.5481","126.923"
"스시코우지","도산대로 404, 서울, 대한민국","37.5229","127.04"
"단단","동교로 266-5, 서울, 대한민국","37.5631","126.926"
"갓덴스시","강남대로152길 40, 서울, 대한민국","37.5179","127.023"
"부민옥","중구 다동길 24-5, 서울, 대한민국","37.5673","126.981"
"장블랑제리","관악구 낙성대역길 8, 서울, 대한민국","37.4771","126.962"
"우래옥 강남점","강남구 대치3동 983-13, 서울, 대한민국","37.5172","127.047"
"아웃백 메트로점","중구 을지로2가 199-33, 서울, 대한민국","37.5651","126.984"
"세상의모든아침","영등포구 여의대로 24, 서울, 대한민국","37.5238","126.923"
"우래옥 을지로점","중구 창경궁로 62-29, 서울, 대한민국","37.5682","126.999"
"마실","서초구 서초동 1489-1, 서울, 대한민국","37.4825","127.005"
"스시시로","마포구 와우산로15길 40, 서울, 대한민국","37.549","126.921"
"김수사","도산대로 132, 서울, 대한민국","37.5171","127.023"
"스시조","소공로 106, 서울, 대한민국","37.5644","126.98"
"던킨도너츠","청파로 378, 서울, 대한민국","37.5491","126.97"
"신기루황소곱창","쑥고개로 73, 서울, 대한민국","37.4796","126.945"
"김태완스시","강남구 봉은사로1길 40, 서울, 대한민국","37.5073","127.024"
"슈치쿠","63로 50, 서울, 대한민국","37.5195","126.94"
"하루노유키","성동구 서울숲2길 17, 서울, 대한민국","37.5472","127.041"
"옴레스토랑 - 광화문점","종로구 새문안로 103, 서울, 대한민국","37.5705","126.976"
"양미옥","중구 을지로3가 161, 서울, 대한민국","37.5668","126.993"
"수연 산방","성북구 성북동 248, 서울, 대한민국","37.595","126.995"
"제이제이 마호니즈","용산구 한남동 747-7 그랜드 하얏트 호텔 지하 2층, 서울, 대한민국","37.5399","126.997"
"진옥화할매원조닭한마리","종로구 종로40가길 18, 서울, 대한민국","37.5703","127.006"
"스테이, 모던 레스토랑","송파구 올림픽로 300, 서울, 대한민국","37.5134","127.104"
"라세느","중구 을지로 30, 서울, 대한민국","37.565","126.981"
"도림","중구 을지로 30 , 서울, 대한민국","37.565","126.981"
"프릳츠커피컴퍼니","마포구 새창로2길 17, 서울, 대한민국","37.541","126.949"
"무궁화","중구 소공동 1, 서울, 대한민국","37.565","126.981"
"더그리핀바","종로구 청계천로 279, 서울, 대한민국","37.5688","127.001"
"스시고","삼청로 101, 서울, 대한민국","37.5844","126.982"
"윤씨그릴방","성미산로 184, 서울, 대한민국","37.5632","126.926"
"마이첼시","이태원로27가길 40, 서울, 대한민국","37.535","126.993"
"구가원","동교로 262, 서울, 대한민국","37.5629","126.925"
"두루","도산대로58길 12, 서울, 대한민국","37.5225","127.041"
"피어세븐틴","강남구 압구정로10길 13, 서울, 대한민국","37.5226","127.022"
"엘본 더 테이블 가로수길 본점 ","강남구 신사동 530-5, 서울, 대한민국","37.5234","127.022"
"대가방","강남구 신사동 526-10 개오망빌딩 1층, 서울, 대한민국","37.5209","127.02"
"교다이야","성지길 39, 서울, 대한민국","37.5468","126.913"
"타볼로 24","종로구 청계천로 279, 서울, 대한민국","37.5688","127.001"
"잔칫집","세종대로16길 3, 서울, 대한민국","37.5635","126.977"
"해우리","국제금융로 10, 서울, 대한민국","37.5249","126.925"
"갓덴스시","테헤란로 109, 서울, 대한민국","37.4988","127.029"
"시그니엘 서울 더 라운지","송파구 올림픽로 300, 서울, 대한민국","37.5134","127.104"
"더다이닝랩","마포구 양화로23길 22-7, 서울, 대한민국","37.5597","126.925"
"을지면옥","중구 입정동 177-1, 서울, 대한민국","37.5675","126.993"
"카페 드 파리 가로수길점","강남구 논현로161길 59, 서울, 대한민국","37.5221","127.024"
"카사블랑카 샌드위치","용산구 신흥로 33, 서울, 대한민국","37.5415","126.987"
"그랜드 키친","강남구 테헤란로 521, 서울, 대한민국","37.5091","127.061"
"세븐스퀘어","소공로 119, 서울, 대한민국","37.5646","126.978"
"원스인어블루문","강남구 청담동 85-1, 서울, 대한민국","37.5254","127.04"
"프로 간장 게장 신사점","서초구 강남대로97길 9, 서울, 대한민국","37.5145","127.019"
"듀자미","도산대로11길 28, 서울, 대한민국","37.5193","127.023"
"심양","강남구 도산대로 408, 서울, 대한민국","37.523","127.04"
"만정","종로구 삼청로 124-2, 서울, 대한민국","37.5862","126.982"
"아구랑 꽃게랑","중구 장충동2가 24-31, 서울, 대한민국","37.5608","127.005"
"우래옥 주교점","중구 주교동 118-1, 서울, 대한민국","37.5682","126.999"
"목멱산방","중구 퇴계로20길 71, 서울, 대한민국","37.5581","126.987"
"명동교자 본점","중구 명동10길 29-1, 서울, 대한민국","37.5625","126.986"
"육전식당 - 본점","동대문구 난계로30길 16, 서울, 대한민국","37.5742","127.024"
"아트리오","영등포구 여의도동 23-1, 서울, 대한민국","37.5255","126.926"
"데져트피자","종로구 팔판동 61-1, 서울, 대한민국","37.5821","126.981"
"와라쿠","강남구 신사동 525-16, 서울, 대한민국","37.5221","127.021"
"쿠루미","마포구 동교로 242-13, 서울, 대한민국","37.5613","126.925"
"올리비아","도산대로81길 51, 서울, 대한민국","37.527","127.046"
"대하정","삼양로181길 283, 서울, 대한민국","37.675","127.004"
"정담은","방배천로2길 15, 서울, 대한민국","37.4771","126.984"
"굴뚝집","방배천로2안길 7, 서울, 대한민국","37.4773","126.984"
"굴뚝집","방배천로2안길 7, 서울, 대한민국","37.4773","126.984"
"올리비아","청담동 21-2, 서울, 대한민국","37.5222","127.042"
"삼다연","논현로149길 6, 서울, 대한민국","37.5188","127.028"
"오뗄두스","논현로161길 59, 서울, 대한민국","37.5221","127.024"
"춘자보쌈족발한정식","연서로29길 22-15, 서울, 대한민국","37.62","126.918"
"또바기치킨","와우산로 27, 서울, 대한민국","37.5469","126.923"
"옐로우스푼","압구정로10길 34-1, 서울, 대한민국","37.5213","127.022"
"성민양꼬치","방배천로2길 27, 서울, 대한민국","37.477","126.984"
"OUI","강남대로162길 39, 서울, 대한민국","37.5209","127.021"
"맥도날드","도산대로 407, 서울, 대한민국","37.5237","127.04"
"진상 청담점","강남구 청담동 1-3, 서울, 대한민국","37.5228","127.04"
"카페로쏘","종로구 삼청로 81-12, 서울, 대한민국","37.5828","126.981"
"라바W","강남대로162길 39, 서울, 대한민국","37.5209","127.021"
"공릉동원조멸치국수","동일로 1645, 서울, 대한민국","37.6753","127.055"
"인디펜던트커피","강남대로162길 27-16, 서울, 대한민국","37.5212","127.021"
"매드후라이치킨","봉은사로86길 30, 서울, 대한민국","37.5114","127.057"
"콰이","강남대로162길 41-20, 서울, 대한민국","37.5219","127.021"
"로스트인사당","방배천로2길 21, 서울, 대한민국","37.4771","126.984"
"염병즉석떡볶이전문점","응암로 169, 서울, 대한민국","37.5872","126.916"
"상수동블루스","와우산로3길 6, 서울, 대한민국","37.5462","126.923"
"피플","응암로 169, 서울, 대한민국","37.5872","126.916"
"희락공방&카페","서울숲2길 45-1, 서울, 대한민국","37.5463","127.044"
"마오","강남구 청담동 22-20 닛시컴빌딩 1층, 서울, 대한민국","37.5219","127.041"
"카페포엠","강남구 신사동 525-14, 서울, 대한민국","37.5223","127.021"
"스킬렛STEAK","논현로161길 57, 서울, 대한민국","37.5222","127.024"
"맥주고","강남대로152길 42, 서울, 대한민국","37.518","127.023"
"화동모티집","삼청로4길 6, 서울, 대한민국","37.5819","126.982"
"봄날엔차마실","삼청로5길 20, 서울, 대한민국","37.5828","126.981"
"히노키공방","홍익로 10, 서울, 대한민국","37.5537","126.924"
"레드클라우드","압구정로10길 30-11, 서울, 대한민국","37.5222","127.021"
"하겐다즈","홍익로 10, 서울, 대한민국","37.5537","126.924"
"대관령한우","봉은사로84길 11, 서울, 대한민국","37.5126","127.056"
"꺼멍","도산대로56길 6-2, 서울, 대한민국","37.5226","127.04"
"오버더디쉬","홍익로 10, 서울, 대한민국","37.5537","126.924"
"오기하라의작은부엌","강남대로162길 41-20, 서울, 대한민국","37.5219","127.021"
"레드클라우드","압구정로10길 30-11, 서울, 대한민국","37.5222","127.021"
"르브런쉭","강남대로162길 41-22, 서울, 대한민국","37.522","127.021"
"화동모티집","삼청로4길 6, 서울, 대한민국","37.5819","126.982"
"히노키공방","홍익로 10, 서울, 대한민국","37.5537","126.924"
"호미빙","도산대로13길 19, 서울, 대한민국","37.5191","127.023"
"그릴밥상","강남대로162길 41-20, 서울, 대한민국","37.5219","127.021"
"달","압구정로12길 10, 서울, 대한민국","37.5232","127.022"
"구팔한우","도산대로62길 13, 서울, 대한민국","37.5225","127.043"
"고양이부엌","방배로 230, 서울, 대한민국","37.4936","126.99"
"시골집","봉은사로84길 22, 서울, 대한민국","37.5119","127.056"
"웰컴차이나","연무장7길 16, 서울, 대한민국","37.5439","127.055"
"대원숯불갈비","와우산로 25, 서울, 대한민국","37.5467","126.923"
"그네있는집","삼청로 71-7, 서울, 대한민국","37.582","126.981"
"시골가마솥삼겹살","성수이로 108, 서울, 대한민국","37.5445","127.057"
"커피빈","압구정로12길 6, 서울, 대한민국","37.5235","127.022"
"켄마","삼성로108길 18, 서울, 대한민국","37.512","127.056"
"커피볶는집","성미산로 185, 서울, 대한민국","37.5633","126.926"
"씨티베이커리글라스하우스","압구정로4길 13-14, 서울, 대한민국","37.5221","127.021"
"뚜레쥬르","성수이로 93, 서울, 대한민국","37.5434","127.057"
"오늘은아구찜","봉은사로84길 7, 서울, 대한민국","37.5128","127.056"
"써스티몽크","도산대로56길 3, 서울, 대한민국","37.5229","127.04"
"전통씨래기국밥","성수이로 108, 서울, 대한민국","37.5445","127.057"
"강서면옥","도산대로 405, 서울, 대한민국","37.5236","127.04"
"코코브루니","도산대로13길 19, 서울, 대한민국","37.5191","127.023"
"모바소바","홍익로 10, 서울, 대한민국","37.5537","126.924"
"스킬렛STEAK","논현로161길 57, 서울, 대한민국","37.5222","127.024"
"목포뻘낚지","봉은사로84길 13, 서울, 대한민국","37.5124","127.056"
"민스키친","강남구 청담동 1-9, 서울, 대한민국","37.5226","127.04"
"야들야들","서초구 방배2동 449-8, 서울, 대한민국","37.4776","126.984"
"장마담한우","도산대로56길 7, 서울, 대한민국","37.5226","127.04"
"양수가든","도산대로56길 8, 서울, 대한민국","37.5226","127.04"
"양천지","봉은사로86길 30, 서울, 대한민국","37.5114","127.057"
"셰막","도산대로11길 22, 서울, 대한민국","37.5188","127.023"
"함바그또카레야","논현로161길 57, 서울, 대한민국","37.5222","127.024"
"간포텐","도산대로62길 13, 서울, 대한민국","37.5225","127.043"
"테러포차","남현3길 78, 서울, 대한민국","37.4753","126.981"
"맛고을","방배천로2안길 7, 서울, 대한민국","37.4773","126.984"
"선주횟집","봉은사로84길 29, 서울, 대한민국","37.5114","127.056"
"론타임","압구정로4길 31, 서울, 대한민국","37.5215","127.021"
"삼청동아저씨","북촌로5가길 43, 서울, 대한민국","37.5813","126.981"
"프라테리아","봉은사로84길 32, 서울, 대한민국","37.5112","127.056"
"오룸다이닝","도산대로58길 16, 서울, 대한민국","37.5222","127.041"
"미노스커피","압구정로12길 11, 서울, 대한민국","37.5232","127.023"
"마리온크레페","강남대로162길 41-20, 서울, 대한민국","37.5219","127.021"
"옴레스토랑 마포공덕점","마포구 마포대로 73, 서울, 대한민국","37.5423","126.949"
"해물손칼국수","아차산로 116, 서울, 대한민국","37.544","127.057"
"미술집","강남대로156길 40, 서울, 대한민국","37.5188","127.022"
"연남닭발","동교로 269, 서울, 대한민국","37.5637","126.926"
"피에세","도산대로81길 18, 서울, 대한민국","37.5255","127.048"
"상수불쭈꾸미","와우산로 23, 서울, 대한민국","37.5466","126.923"
"새마을식당","삼성로104길 23, 서울, 대한민국","37.5114","127.057"
"레이디엠","압구정로10길 13, 서울, 대한민국","37.5226","127.022"
"팜팜피아노","와우산로3길 19, 서울, 대한민국","37.5459","126.922"
"빙빙빙","도산대로11길 34, 서울, 대한민국","37.5197","127.023"
"에이미초콜릿","압구정로10길 30-1, 서울, 대한민국","37.5216","127.022"
"베키아앤누보","도산대로 407, 서울, 대한민국","37.5237","127.04"
"카페엔","삼청로 77, 서울, 대한민국","37.5826","126.982"
"뺑드빱바","논현로175길 78, 서울, 대한민국","37.5237","127.023"
"비스트로달고나","와우산로 29, 서울, 대한민국","37.5471","126.923"
"카페더BAKER","도산대로81길 55, 서울, 대한민국","37.5272","127.045"
"벤가테라스","도산대로11길 25, 서울, 대한민국","37.5191","127.022"
"맥주창고","방배천로2길 15, 서울, 대한민국","37.4771","126.984"
"늘봄숯불갈비","왕십리로5길 12-1, 서울, 대한민국","37.547","127.044"
"백가족발","방배천로4길 28, 서울, 대한민국","37.4776","126.984"
"훌리오","압구정로10길 13, 서울, 대한민국","37.5226","127.022"
"곤","와우산로7길 3, 서울, 대한민국","37.547","126.923"
"마실","방배천로2길 21, 서울, 대한민국","37.4771","126.984"
"엠플레이트","도산대로 412, 서울, 대한민국","37.5229","127.041"
"듀크렘","압구정로14길 34, 서울, 대한민국","37.5221","127.023"
"다이도게닝","압구정로79길 6, 서울, 대한민국","37.5249","127.048"
"봉대박스파게티","홍익로 10, 서울, 대한민국","37.5537","126.924"
"Onmaeul","123, Samcheong-dong, Jongno-gu, 서울, 대한민국","37.5866","126.982"
"연경","강남구 청담동 80-16, 서울, 대한민국","37.5264","127.045"
"부첼라 삼청동점","팔판동 63-6, 서울, 대한민국","37.582","126.981"
"1미리","종로구 삼청로5길 11, 서울, 대한민국","37.5825","126.981"
"쇼우","강남구 강남대로156길 45, 서울, 대한민국","37.5192","127.023"
"무돌","강남구 선릉로146길 3, 서울, 대한민국","37.5219","127.04"
"와우동천 신사점","강남구 신사동 535-10, 서울, 대한민국","37.5192","127.023"
"치맥","도산대로 410, 서울, 대한민국","37.5229","127.04"
"족팔려","남현3길 75, 서울, 대한민국","37.4756","126.981"
"오리먹는날","도산대로11길 25, 서울, 대한민국","37.5191","127.022"
"저스트주스클렌즈","삼청로5길 20, 서울, 대한민국","37.5828","126.981"
"칸지다이닝","도산대로81길 16-4, 서울, 대한민국","37.5254","127.048"
"카카오봄","삼청로 63, 서울, 대한민국","37.5813","126.981"
"연남동오뎅집","마포구 동교로 261, 서울, 대한민국","37.5631","126.925"
"그릴데미그라스","팔판길 1-8, 서울, 대한민국","37.5826","126.981"
"구시월닭한마리","연무장5가길 22, 서울, 대한민국","37.5433","127.055"
"홀리차우","봉은사로86길 30, 서울, 대한민국","37.5114","127.057"
"족팔려","남현3길 75, 서울, 대한민국","37.4756","126.981"
"저스트주스클렌즈","삼청로5길 20, 서울, 대한민국","37.5828","126.981"
"칸지다이닝","도산대로81길 16-4, 서울, 대한민국","37.5254","127.048"
"카카오봄","삼청로 63, 서울, 대한민국","37.5813","126.981"
"연남동오뎅집","마포구 동교로 261, 서울, 대한민국","37.5631","126.925"
"춤추는고양이","도산대로11길 22, 서울, 대한민국","37.5188","127.023"
"더하누","강남대로156길 41, 서울, 대한민국","37.5191","127.022"
"샤브리샤브샤브","방배천로2길 21, 서울, 대한민국","37.4771","126.984"
"골목집","남현1길 68-10, 서울, 대한민국","37.4753","126.981"
"향토칼국수","성수이로 108, 서울, 대한민국","37.5445","127.057"
"돈몽가","봉은사로82길 21, 서울, 대한민국","37.5119","127.056"
"스퀴즈빌리지","홍익로 10, 서울, 대한민국","37.5537","126.924"
"리하우스","삼청로9길 3-1, 서울, 대한민국","37.5863","126.981"
"비씨다르떼","압구정로14길 12, 서울, 대한민국","37.5235","127.023"
"와라와라","방배천로2길 27, 서울, 대한민국","37.477","126.984"
"느리네","와우산로3길 11, 서울, 대한민국","37.546","126.922"
"명동할머니국수","방배천로2길 15, 서울, 대한민국","37.4771","126.984"
"만경양육관","남현3길 78, 서울, 대한민국","37.4753","126.981"
"마포갈비","왕십리로5길 12-3, 서울, 대한민국","37.5471","127.044"
"파인드","도산대로81길 51, 서울, 대한민국","37.527","127.046"
"미션베이","논현로175길 75, 서울, 대한민국","37.5236","127.023"
"1미리","종로구 삼청로5길 11, 서울, 대한민국","37.5825","126.981"
"쇼우","강남구 강남대로156길 45, 서울, 대한민국","37.5192","127.023"
"산들김밥","성수이로 108, 서울, 대한민국","37.5445","127.057"
"루소앤루소","삼청로4길 4, 서울, 대한민국","37.5818","126.982"
"브레드가든","홍익로 10, 서울, 대한민국","37.5537","126.924"
"사당순대국","남현3길 74, 서울, 대한민국","37.4753","126.981"
"짚동가리쌩주","아차산로 113, 서울, 대한민국","37.5446","127.057"
"저스트주스클렌즈","삼청로5길 20, 서울, 대한민국","37.5828","126.981"
"카카오봄","삼청로 63, 서울, 대한민국","37.5813","126.981"
"연남동오뎅집","마포구 동교로 261, 서울, 대한민국","37.5631","126.925"
"춤추는고양이","도산대로11길 22, 서울, 대한민국","37.5188","127.023"
"더하누","강남대로156길 41, 서울, 대한민국","37.5191","127.022"
"샤브리샤브샤브","방배천로2길 21, 서울, 대한민국","37.4771","126.984"
"골목집","남현1길 68-10, 서울, 대한민국","37.4753","126.981"
"명동할머니국수","방배천로2길 15, 서울, 대한민국","37.4771","126.984"
"마포갈비","왕십리로5길 12-3, 서울, 대한민국","37.5471","127.044"
"미담전통찻집","북촌로5가길 44-5, 서울, 대한민국","37.5815","126.981"
"미코","강남구 청담동 122-7, 서울, 대한민국","37.5254","127.049"
"카페 코나 퀸즈","종로구 삼청로 65, 서울, 대한민국","37.5814","126.981"
"민혁이네외국포차","와우산로 15-7, 서울, 대한민국","37.5459","126.922"
"하시","도산대로58길 18, 서울, 대한민국","37.522","127.041"
"에이블","강남구 압구정로14길 12, 서울, 대한민국","37.5235","127.023"
"김가네칼국수","동교로 269, 서울, 대한민국","37.5637","126.926"
"꼬꼬트","강남구 봉은사로84길 32, 서울, 대한민국","37.5112","127.056"
"고기잡이","서초대로25길 97, 서울, 대한민국","37.4918","126.992"
"무등산","강남구 청담동 1-15  1층, 서울, 대한민국","37.5219","127.04"
"바른식 시골보쌈 & 감자옹심이 사당본점","서초구 방배천로2길 25, 서울, 대한민국","37.477","126.984"
"강정이기가막혀","방배천로4길 28, 서울, 대한민국","37.4776","126.984"
"드롭오가닉커피","삼청로 127-1, 서울, 대한민국","37.5867","126.982"
"항아리수제비","연무장5가길 20-1, 서울, 대한민국","37.5433","127.055"
"연탄집","아차산로 110, 서울, 대한민국","37.5442","127.056"
"돈부락","동교로 266, 서울, 대한민국","37.5631","126.925"
"더THE92","왕십리로 109, 서울, 대한민국","37.5474","127.044"
"운주골왕만두","성수이로 108, 서울, 대한민국","37.5445","127.057"
"더드림","아차산로 116, 서울, 대한민국","37.544","127.057"
"루소 바리스타랩 삼청점","종로구 삼청로 63-1번지, 서울, 대한민국","37.5814","126.981"
"주인","성미산로 184, 서울, 대한민국","37.5632","126.926"
"키야마","삼청로 125, 서울, 대한민국","37.5865","126.982"
"커핀그루나루","방배천로2길 15, 서울, 대한민국","37.4771","126.984"
"신마포갈매기","동교로 266, 서울, 대한민국","37.5631","126.925"
"향미","동교로 260, 서울, 대한민국","37.5628","126.925"
"카페베네 삼청동길점","종로구 화동 62번지, 서울, 대한민국","37.5815","126.981"
"디스이즈치킨","와우산로3길 3, 서울, 대한민국","37.5461","126.923"
"오감부산집","방배천로 12-11, 서울, 대한민국","37.4775","126.984"
"MINGMING","동교로 265, 서울, 대한민국","37.5633","126.925"
"아울스덴","와우산로3길 11, 서울, 대한민국","37.546","126.922"
"홈스테드","삼청로 124-1, 서울, 대한민국","37.5864","126.982"
"왕건이","남현3길 78, 서울, 대한민국","37.4753","126.981"
"쿠로네코","삼청로 122-1, 서울, 대한민국","37.5862","126.982"
"더머거","성동구 성수이로 96, 서울, 대한민국","37.5434","127.057"
"써브웨이 홍대점","마포구 서교동 486, 서울, 대한민국","37.5537","126.924"
"루프탑바이테이스팅룸","압구정로 343, 서울, 대한민국","37.5285","127.04"
"55번지 라면","종로구 화동 55-1, 서울, 대한민국","37.5815","126.982"
"용수산","종로구 삼청동 118-3, 서울, 대한민국","37.5861","126.982"
"르스타일","중구 삼일대로 302, 서울, 대한민국","37.5616","126.989"
"322소월로-카우리","용산구 소월로 322, 서울, 대한민국","37.539","126.996"
"토마틸로 그릴 이태원점","용산구 이태원동 112-4 지하 1층, 서울, 대한민국","37.5351","126.995"
"자코비 버거","용산구 용산동2가 45-6, 서울, 대한민국","37.5418","126.987"
"해도식당","중구 남대문로 81, 서울, 대한민국","37.5647","126.982"
"돌깨마을맷돌순두부","동숭길 143, 서울, 대한민국","37.5832","127.002"
"쇼린","도산대로81길 18, 서울, 대한민국","37.5255","127.048"
"오설록","압구정로12길 16, 서울, 대한민국","37.5229","127.022"
"투썸플레이스","도산대로13길 5, 서울, 대한민국","37.5182","127.023"
"나마스테 청담점","강남구 신사동 548, 서울, 대한민국","37.5238","127.023"
"엘본더테이블","논현로175길 88, 서울, 대한민국","37.5234","127.022"
"지구당","압구정로14길 32, 서울, 대한민국","37.5222","127.023"
"차이나플레인 성수점 ","아차산로 113, 서울, 대한민국","37.5446","127.057"
"제비다방","와우산로 24, 서울, 대한민국","37.5466","126.923"
"딸부자불백","강남대로158길 21, 서울, 대한민국","37.5192","127.021"
"골목길다방","서울숲4길 28, 서울, 대한민국","37.5469","127.044"
"타코칠리칠리","도산대로11길 28, 서울, 대한민국","37.5193","127.023"
"매덕스 피자","용산구 이태원로26길 26, 서울, 대한민국","37.5333","126.994"
"정식당","강남구 선릉로158길 11, 서울, 대한민국","37.5256","127.041"
"보노보노 마포점","마포구 공덕동 253-42 지방재정회관 지하 1층, 서울, 대한민국","37.5463","126.953"
"명동 다도 횟집","중구 명동2가 3-1, 서울, 대한민국","37.5633","126.985"
"청일집","종로구 종로 19, 서울, 대한민국","37.5708","126.98"
"영동냉면","신반포로 177, 서울, 대한민국","37.5061","127.003"
"스시효","동호로 287, 서울, 대한민국","37.5603","127.002"
"라따블","강남구 삼성로 431, 서울, 대한민국","37.5051","127.057"
"동아냉면","용산구 보광동 265-576, 서울, 대한민국","37.5309","126.997"
"소호정","서초구 양재2동 392-11, 서울, 대한민국","37.4732","127.049"
"박용석스시","와우산로29길 57, 서울, 대한민국","37.5558","126.927"
"미우야","강남대로23길 90, 서울, 대한민국","37.474","127.035"
"하누소","도봉구 노해로 327, 서울, 대한민국","37.6515","127.045"
"흑돈가 삼성역점","강남구 봉은사로86길 14, 서울, 대한민국","37.5125","127.056"
"브라이 리퍼블릭","용산구 이태원로14길 19, 서울, 대한민국","37.5335","126.991"
"파리바게뜨 강남역점","강남구 테헤란로1길 28, 서울, 대한민국","37.5001","127.028"
"모모카페 코트야드 서울 남대문","중구 남대문로 9, 서울, 대한민국","37.5608","126.977"
"사동면옥","종로구 인사동8길 9, 서울, 대한민국","37.5741","126.986"
"을밀대","마포구 염리동 147-6, 서울, 대한민국","37.5474","126.946"
"툭툭 누들타이","마포구 연남동 227-37 B1, 서울, 대한민국","37.562","126.927"
"소공죽집","중구 북창동 86-1, 서울, 대한민국","37.5626","126.978"
"쉐이크쉑 두타점","중구 장충단로 275, 서울, 대한민국","37.5689","127.009"
"서북면옥","광진구 구의동 80-47, 서울, 대한민국","37.5454","127.085"
"원할머니 본가 보쌈 - 본가","중구 난계로 201, 서울, 대한민국","37.5696","127.023"
"더 레스토랑","종로구 삼청로 54, 서울, 대한민국","37.5806","126.981"
"헤븐온탑","삼청로 126, 서울, 대한민국","37.5866","126.982"
"바닐라키친","동교로 266-7, 서울, 대한민국","37.5631","126.926"
"카페 에이크","성동구 성수이로 96, 서울, 대한민국","37.5434","127.057"
"동화반점","중구 장충단로13길 7, 서울, 대한민국","37.5677","127.008"
"셰프팔레트","강남구 봉은사로 120, 서울, 대한민국","37.5047","127.028"
"새벽집 청담점","강남구 도산대로101길 6, 서울, 대한민국","37.5255","127.053"
"감칠","동교로46길 23, 서울, 대한민국","37.5623","126.926"
"안국 153","종로구 율곡로 51, 서울, 대한민국","37.5765","126.985"
"보노보노 삼성동점","강남구 대치동 942-10 B1F, 서울, 대한민국","37.5068","127.058"
"버드나무집 역삼점","강남구 역삼동 689-12, 서울, 대한민국","37.5053","127.042"
"랩24","강남구 압구정로42길 23 (신사동), 서울, 대한민국","37.5273","127.035"
"장생건강원","강남구 강남대로124길 23, 서울, 대한민국","37.5093","127.024"
"젤렌 이태원 본점","용산구 이태원동 116-14 2F, 서울, 대한민국","37.535","126.992"
"까페 마마스 시청점","중구 무교동 19, 서울, 대한민국","37.5673","126.98"
"피자힐","워커힐로 177, 서울, 대한민국","37.5558","127.111"
"함흥면옥","중구 명동2가 26-1, 서울, 대한민국","37.5627","126.986"
"고려삼계탕","중구 서소문로11길 1, 서울, 대한민국","37.563","126.973"
"명월관","광진구 워커힐로 177, 서울, 대한민국","37.5558","127.111"
"진미식당","마포구 마포대로 186-6, 서울, 대한민국","37.5505","126.956"
"라멘트럭랩","마포구 독막로14길 31, 서울, 대한민국","37.5474","126.923"
"코리아하우스","중구 퇴계로36길 10, 서울, 대한민국","37.5601","126.994"
"복정식당","종로구 화동 40-1, 서울, 대한민국","37.5821","126.982"
"자매집","종로구 종로4가 177, 서울, 대한민국","37.5705","127"
"피스트","구로구 경인로 662 쉐라톤 서울 디큐브 시티 호텔 41F, 서울, 대한민국","37.5088","126.89"
"명동교자 분점","중구 명동10길 8-1, 서울, 대한민국","37.5634","126.985"
"스타벅스 가로수길점","강남구 논현로175길 94, 서울, 대한민국","37.5232","127.022"
"맥도날드 서울역점","용산구 동자동 43-205, 서울, 대한민국","37.5491","126.97"
"롯데리아 서울역광장점","용산구 동자동 43-205 지상중 1층 M01호, 서울, 대한민국","37.5491","126.97"
"서울역푸드코트","청파로 378, 서울, 대한민국","37.5491","126.97"
"KFC 서울역점","용산구 동자동 43-205, 서울, 대한민국","37.5491","126.97"
"KFC 서울역점","용산구 동자동 43-205, 서울, 대한민국","37.5491","126.97"
"포베이 서울역점","중구 남대문로5가 541, 서울, 대한민국","37.5555","126.974"
"라인프렌즈 카페 가로수길점","강남구 도산대로13길 27, 서울, 대한민국","37.5198","127.023"
"임피리얼팰리스 패밀리아","강남구 언주로 640, 서울, 대한민국","37.514","127.036"
"더킹스","중구 동호로17길 287, 서울, 대한민국","37.5522","127.006"
"을밀대","강남구 역삼동 826-37 쌍용플래티넘밸류 B-147, 서울, 대한민국","37.4953","127.03"
"코코이찌방야 강남점","강남구 강남대로102길 14, 서울, 대한민국","37.5019","127.027"
"교대이층집","서초구 서초대로50길 24, 서울, 대한민국","37.492","127.013"
"나인스게이트","중구 소공동 87  웨스틴 조선호텔 1층, 서울, 대한민국","37.5644","126.979"
"던킨 도너츠 서울스퀘어","중구 남대문로5가  541-1번지 B1 3호, 서울, 대한민국","37.5553","126.974"
"이디야커피 서울대중앙점 ","관악구 남부순환로216길 2, 서울, 대한민국","37.4813","126.949"
"팬아시아","압구정로14길 28, 서울, 대한민국","37.5225","127.023"
"이끼롤까스","강남대로152길 46, 서울, 대한민국","37.5181","127.023"
"차알","압구정로4길 13-9, 서울, 대한민국","37.5222","127.021"
"리북집","도산대로 131, 서울, 대한민국","37.5178","127.023"
"북막골","삼청로 124-6, 서울, 대한민국","37.5865","126.982"
"스시선수","강남구 도산대로45길 6, 서울, 대한민국","37.5228","127.036"
"그리츠","영등포구 의사당대로 16, 서울, 대한민국","37.523","126.922"
"하카다분코","마포구 독막로19길 43, 서울, 대한민국","37.5489","126.924"
"라페름","용산구 이태원로54길 32, 서울, 대한민국","37.537","127.002"
"성수족발","아차산로7길 7, 서울, 대한민국","37.546","127.054"
"북촌빙수","종로구 삼청로 71-5, 서울, 대한민국","37.582","126.981"
"백년옥","서초구 남부순환로 2407, 서울, 대한민국","37.4812","127.014"
"음레코드","용산구 우사단로10길 145, 서울, 대한민국","37.5306","127.003"
"뚜또베네","청담동 118-9, 서울, 대한민국","37.5257","127.047"
"브루클린더버거조인트","압구정로 343, 서울, 대한민국","37.5285","127.04"
"용금옥","중구 다동 165-1, 서울, 대한민국","37.5676","126.98"
"행복한베이커리&카페","중구 세종대로 110, 서울, 대한민국","37.5664","126.978"
"빈스앤베리즈","한강대로 405, 서울, 대한민국","37.5491","126.97"
"봉천동생고기","관악로 222, 서울, 대한민국","37.4843","126.956"
"스타벅스 순화동더샵점","중구 칠패로 27, 서울, 대한민국","37.5602","126.972"
"챠크라 한남점","서울, 대한민국","37.5665","126.978"
"곰국시집","무교동 12-1, 서울, 대한민국","37.5681","126.979"
"스시노미찌","양천구 목동 917-9  현대41타워 1층, 서울, 대한민국","37.5281","126.876"
"안동국시 소람","종로구 인사동9길 16, 서울, 대한민국","37.5736","126.984"
"스타벅스 서울대입구역점","관악구 남부순환로 1812, 서울, 대한민국","37.4811","126.951"
"니와","관악구 호암로22길 69, 서울, 대한민국","37.4686","126.937"
"명동 순두부","중구 을지로2가 199-50, 서울, 대한민국","37.5645","126.983"
"홍연","중구 소공로 106, 서울, 대한민국","37.5644","126.98"
"청진옥","종로구 종로3길 32, 서울, 대한민국","37.5717","126.979"
"중앙해장","강남구 영동대로86길 17, 서울, 대한민국","37.5082","127.065"
"진주집","영등포구 국제금융로6길 33, 서울, 대한민국","37.5208","126.927"
"커피리브레 명동성당점","중구 명동길 74, 서울, 대한민국","37.5633","126.987"
"페닌슐라","중구 을지로 30 롯데호텔서울 신관 1층, 서울, 대한민국","37.565","126.981"
"파파이스 충무로점","중구 필동2가 15-7, 서울, 대한민국","37.5611","126.995"
"온더보더 IFC몰점","영등포구 국제금융로 10, 서울, 대한민국","37.5249","126.925"
"투썸플레이스 명동올리브영점","중구 명동길 53, 서울, 대한민국","37.564","126.985"
"제임스치즈등갈비 홍대역8번출구점","마포구 어울마당로 145-1, 서울, 대한민국","37.5566","126.926"
"은주정","중구 창경궁로8길 32, 서울, 대한민국","37.5686","127"
"피에프창 롯데월드몰점","송파구 올림픽로 300, 서울, 대한민국","37.5134","127.104"
"종로도담","종로구 삼봉로 78, 서울, 대한민국","37.5721","126.981"
"하동관 강남분점","강남구 테헤란로78길 16, 서울, 대한민국","37.505","127.055"
"구보다스시","성북로 108, 서울, 대한민국","37.5931","126.997"
"로지스시","신이문로 35, 서울, 대한민국","37.6031","127.066"
"소선재","삼청동 113-3, 서울, 대한민국","37.5855","126.982"
"브래드랩","마포구 동교로 267, 서울, 대한민국","37.5635","126.925"
"경복궁 - 관훈점","종로구 인사동5길 38, 서울, 대한민국","37.5725","126.984"
"원조 호수삼계탕","영등포구 신길동 342-325, 서울, 대한민국","37.5026","126.904"
"63뷔페 파빌리온","영등포구 63로 50, 서울, 대한민국","37.5195","126.94"
"화동옥","종로구 계동 140-43, 서울, 대한민국","37.5794","126.987"
"화동옥","종로구 계동 140-43, 서울, 대한민국","37.5794","126.987"
"스타벅스 서울여대점","노원구 화랑로 621, 서울, 대한민국","37.6292","127.091"
"프랭크서울 둔촌점","강동구 양재대로87길 12, 서울, 대한민국","37.5256","127.134"
"서울돈까스","용산구 청파로 378, 서울, 대한민국","37.5491","126.97"
"붓처스컷","용산구 한남동 738-23, 서울, 대한민국","37.5368","127"
"더 스퀘어","강남구 봉은사로 130, 서울, 대한민국","37.5052","127.029"
"매드포갈릭 강남점","강남구 역삼동 648-19, 서울, 대한민국","37.4997","127.032"
"스와니예","서초구 반포대로39길 46, 서울, 대한민국","37.4982","127.002"
"더 라운지","을지로 30, 서울, 대한민국","37.565","126.981"
"명륜손칼국수","종로구 명륜1가 31-23, 서울, 대한민국","37.5894","126.999"
"향미","남대문로 52-5, 서울, 대한민국","37.5621","126.982"
"홀리차우","명동길 53, 서울, 대한민국","37.564","126.985"
"더 파크뷰","중구 동호로 249, 서울, 대한민국","37.5577","127.008"
"스쿨푸드","왕십리로 85, 서울, 대한민국","37.5457","127.042"
"부자피자","이태원로55가길 28, 서울, 대한민국","37.5372","127"
"미시령너머","세종대로9길 41, 서울, 대한민국","37.5613","126.973"
"올댓재즈","이태원로27가길 12, 서울, 대한민국","37.5351","126.995"
"바닐라스카이","관악구 봉천동 862-1 에그엘로우 15층, 서울, 대한민국","37.4809","126.952"
"라싸브어","서초구 반포동 76-1  대경빌딩 지하1층, 서울, 대한민국","37.4972","127"
"봉피양 방이점","송파구 방이동 205-8, 서울, 대한민국","37.51","127.126"
"아시안테이블","삼전로 100, 서울, 대한민국","37.5069","127.091"
"스시효","율곡로2길 7, 서울, 대한민국","37.575","126.981"
"농민백암왕순대","역삼로3길 20-4, 서울, 대한민국","37.4949","127.031"
"미분당 신촌2호점","서대문구 연세로5길 26-7, 서울, 대한민국","37.5566","126.935"
"아우어 베이커리","강남구 도산대로45길 10-11, 서울, 대한민국","37.5235","127.037"
"크라제버거 광화문점","종로구 서린동 149  청계11빌딩 1층, 서울, 대한민국","37.5695","126.979"
"배스킨라빈스 관악구청","관악구 봉천동 863-13 1층 5,6호, 서울, 대한민국","37.4796","126.952"
"경주 장모님미역국","중구 퇴계로 72, 서울, 대한민국","37.5591","126.981"
"예촌","서운로 12-1, 서울, 대한민국","37.4852","127.03"
"그랜드힐튼뷔페","연희로 353, 서울, 대한민국","37.59","126.935"
"르생텍스","이태원로 165-3, 서울, 대한민국","37.5346","126.992"
"청담","학동로77길 48, 서울, 대한민국","37.5218","127.048"
"뽐모도로","새문안로9길 19-1, 서울, 대한민국","37.5711","126.976"
"카페뎀셀브즈","삼일대로 388, 서울, 대한민국","37.5692","126.988"
"비사벌전주콩나물국밥","왕십리로6길 4, 서울, 대한민국","37.5461","127.045"
"카페베네 혜화역점","종로구 명륜4가 30-4, 서울, 대한민국","37.5825","127.001"
"용수산 태평로점","중구 태평로1가 84 서울파이낸스센터 B1, 서울, 대한민국","37.5684","126.978"
"오월의종","용산구 이태원로 229, 서울, 대한민국","37.5358","126.999"
"스타벅스 소공로북창점","중구 세종대로18길 32, 서울, 대한민국","37.5637","126.979"
"스타벅스 영등포본동점","영등포구 영등포로 254, 서울, 대한민국","37.5185","126.91"
"스타벅스 공덕역점","마포구 마포대로 143, 서울, 대한민국","37.5473","126.953"
"리틀파파 포","마포구 독막로3길 7, 서울, 대한민국","37.5487","126.916"
"교동전선생","백범로 341, 서울, 대한민국","37.5381","126.968"
"나누다키친 시청점","중구 남대문로9길 51, 서울, 대한민국","37.5668","126.979"
"스시효 광화문점","종로구 율곡로2길 7, 서울, 대한민국","37.575","126.981"
"뱀부하우스","강남구 역삼1동 658-10, 서울, 대한민국","37.507","127.037"
"서울회관명동점","중구 삼일대로 343, 서울, 대한민국","37.5653","126.987"
"스타벅스 파미에파크점","서초구 사평대로205, 서울, 대한민국","37.5044","127.008"
"서울리스타 커피&펍","중구 퇴계로 19, 서울, 대한민국","37.5571","126.975"
"갓덴스시","강남구 테헤란로 109, 서울, 대한민국","37.4988","127.029"
"울프하운드 아이리쉬 펍 & 레스토랑","용산구 이태원동 128-6, 서울, 대한민국","37.534","126.993"
"맥도날드 서울대역점","관악구 봉천동 862-5, 서울, 대한민국","37.4805","126.952"
"853","종로구 인사동12길 16, 서울, 대한민국","37.5747","126.985"
"클레오","서울시 용산구 장문로 23, 서울, 대한민국","37.5289","126.993"
"버거킹 서울역점","용산구 한강대로 405, 서울, 대한민국","37.5491","126.97"
"엔그릴","용산동2가 1-3 N서울타워 전망존 5층, 서울, 대한민국","37.5465","126.987"
"레호이","용산구 소월로38가길 5, 서울, 대한민국","37.5432","126.99"
"카페베네 서울고교사거리점","서초구 명달로 43, 서울, 대한민국","37.4812","127.005"
"몰타참치","강남구 삼성로85길 26, 서울, 대한민국","37.505","127.055"
"로씨니","재동 55 삼양사 재동사옥 1층, 서울, 대한민국","37.5784","126.986"
"일미장어","용산구 동자동 35-44, 서울, 대한민국","37.5521","126.974"
"삼백집","사직로 133-3, 서울, 대한민국","37.5761","126.973"
"광양불고기본가","영동대로 325, 서울, 대한민국","37.5033","127.065"
"도스타코스","남부순환로226길 40, 서울, 대한민국","37.4789","126.953"
"스시히로바","남대문로 81, 서울, 대한민국","37.5647","126.982"
"청춘초밥","마조로5길 4, 서울, 대한민국","37.5601","127.041"
"마포옥","토정로 312, 서울, 대한민국","37.5398","126.943"
"밀크홀1937 - 종로점","종로구 종로 86-1, 서울, 대한민국","37.5699","126.987"
"송암","종로구 익선동 150, 서울, 대한민국","37.5738","126.99"
"춘천닭갈비","영등포구 여의도동 43-3, 서울, 대한민국","37.5208","126.931"
"강서면옥","중구 서소문동 120-15, 서울, 대한민국","37.562","126.974"
"강강술래 신림점","관악구 신림본동 10-518, 서울, 대한민국","37.4845","126.935"
"커피빈","한강대로 416, 서울, 대한민국","37.5555","126.974"
"테라로사카페","남대문로 81, 서울, 대한민국","37.5647","126.982"
"타이펑","관악로24길 60, 서울, 대한민국","37.4854","126.957"
"세시셀라 도산공원","서초구 동광로 89, 서울, 대한민국","37.4936","126.992"
"구아이","영등포구 여의대방로 383, 서울, 대한민국","37.5193","126.931"
"함춘원","종로구 연건동 28-2, 서울, 대한민국","37.5807","126.999"
"카페모뜨","종로구 평창동 98-11 가나아트센터 서, 서울, 대한민국","37.6122","126.975"
"콜드스톤크리머리","청파로 378, 서울, 대한민국","37.5491","126.97"
"죽변항","상원길 40, 서울, 대한민국","37.5477","127.049"
"샘밭막국수","서초대로58길 34, 서울, 대한민국","37.4932","127.018"
"유 유안","종로구 새문안로 97, 서울, 대한민국","37.5697","126.972"
"옷살 서울대 입구역점","관악구 봉천동 856-5, 서울, 대한민국","37.4796","126.953"
"나루 가온","광진구 아차산로78길 75,, 서울, 대한민국","37.5516","127.111"
"아웃백 스테이크하우스 - 명동점","중구 명동3길 36, 서울, 대한민국","37.5653","126.984"
"달개비 정동점","중구 정동 3-7, 서울, 대한민국","37.5668","126.976"
"빕스 명동중앙점","중구 명동길 53, 서울, 대한민국","37.564","126.985"
"순희네 빈대떡","종로5가 138-9번지, 서울, 대한민국","37.5706","127.001"
"미분당 신촌점","서대문구 연세로5다길 35, 서울, 대한민국","37.5568","126.934"
"원당감자탕 명동2호점","중구 명동8나길 35, 서울, 대한민국","37.5611","126.983"
"모모 카페","영등포구 영중로 15, 서울, 대한민국","37.517","126.904"
"당산원조곱창","영등포구 당산동5가 33-9, 서울, 대한민국","37.5347","126.9"
"버거킹","종로구 종로 94, 서울, 대한민국","37.5699","126.988"
"삼김 명동 본점","중구 충무로2가 12-16, 서울, 대한민국","37.5619","126.987"
"창수린","용산구 두텁바위로 55, 서울, 대한민국","37.546","126.978"
"자매순대국","연무장5길 7, 서울, 대한민국","37.5438","127.052"
"옥동식 - 서교점","마포구 양화로7길 44-10, 서울, 대한민국","37.5526","126.914"
"발산삼계탕","강서로 344, 서울, 대한민국","37.5562","126.838"
"하하","동교로 263, 서울, 대한민국","37.5632","126.925"
"외래향","남부순환로 1797, 서울, 대한민국","37.4819","126.95"
"사보텐 SFC점","중구 세종대로 136, 서울, 대한민국","37.5684","126.978"
"만푸쿠","오금로18길 4-9, 서울, 대한민국","37.5104","127.11"
"치보치마","남산공원길 125-72, 서울, 대한민국","37.5518","126.987"
"맥도날드","공릉로 231, 서울, 대한민국","37.6297","127.076"
"진주육회","종로구 동호로 403-22, 서울, 대한민국","37.5705","127.001"
"이요이요스시","마포대로 173-20, 서울, 대한민국","37.5499","126.954"
"브레라","중구 다산로 41, 서울, 대한민국","37.5483","127.007"
"라이너스 바베큐","용산구 이태원로 136-13, 서울, 대한민국","37.5338","126.99"
"보칼리노","서울 종로구 새문안로 97, 서울, 대한민국","37.5697","126.972"
"삼청동 수제비","종로구 삼청동 102, 서울, 대한민국","37.5845","126.982"
"황생가칼국수","종로구 북촌로5길 78, 서울, 대한민국","37.58","126.981"
"라세느","송파구 올림픽로 240, 서울, 대한민국","37.5112","127.098"
"원조 원할매 닭한마리","종로구 종로40가길 25, 서울, 대한민국","37.5702","127.005"
"브루3.14","종로구 돈화문로11나길 39, 서울, 대한민국","37.5744","126.99"
"WXYZ바","중구 남대문로 56, 서울, 대한민국","37.5622","126.982"
"바토스 이태원점","용산구 이태원동 181-8, 서울, 대한민국","37.5346","126.99"
"죠티인도레스토랑","마포구 신촌로20길 6, 서울, 대한민국","37.5549","126.938"
"스무디킹","한강대로 405, 서울, 대한민국","37.5491","126.97"
"맥도날드","한강대로 405, 서울, 대한민국","37.5491","126.97"
"던킨 도너츠 서울역1호","405, Hangang-daero, Jung-gu, 서울, 대한민국","37.555","126.97"
"모힝","봉천로62길 7, 서울, 대한민국","37.4776","126.959"
"로비라운지바","구로구 경인로 662, 서울, 대한민국","37.5084","126.889"
"참숯골","중구 무교로 16, 서울, 대한민국","37.5673","126.98"
"고궁의아침","창경궁로 158, 서울, 대한민국","37.5762","126.998"
"갓덴스시 명동점","중구 명동3길 12, 서울, 대한민국","37.5642","126.984"
"큰기와집","종로구 북촌로 20-7, 서울, 대한민국","37.5787","126.985"
"광화문이층집","종로구 삼봉로 95, 서울, 대한민국","37.5724","126.982"
"북촌손만두 인사본점","종로구 인사동길 42-5, 서울, 대한민국","37.5741","126.985"
"오설록 티 하우스 인사동점","종로구 관훈동 170, 서울, 대한민국","37.5742","126.984"
"오다리집 명동","중구 충무로1가 22-17, 서울, 대한민국","37.5614","126.983"
"한쿡 N서울타워점","용산구 남산공원길 126, 서울, 대한민국","37.5509","126.989"
"단풍나무집 - 이태원점","용산구 이태원로27가길 26, 서울, 대한민국","37.5351","126.994"
"테라스","용산구 소월로 333, 서울, 대한민국","37.546","126.988"
"오근내닭갈비 1호점","용산구 이촌로29길 15, 서울, 대한민국","37.5245","126.96"
"사프란 레스토랑 - 서울","중구 남대문로 78, 서울, 대한민국","37.5641","126.983"
"서일순대국","동작구 여의대방로 126, 서울, 대한민국","37.498","126.921"
"남산설렁탕","중구 예장동 8-59, 서울, 대한민국","37.5567","126.985"
"KFC - 당산역점","영등포구 당산동6가 37-19, 서울, 대한민국","37.5341","126.903"
"청시행","서울 중구 을지로11길 14, 서울, 대한민국","37.567","126.991"
"소라분식","화랑로55길 7, 서울, 대한민국","37.6264","127.094"
"더하우스1932","중구 만리재로35길 5, 서울, 대한민국","37.5554","126.967"
"토속촌삼계탕","종로구 자하문로5길 5, 서울, 대한민국","37.5776","126.972"
"바이킹스워프 롯데월드몰점","송파구 올림픽로 300, 서울, 대한민국","37.5134","127.104"
"왕십리 조개창고","성동구 왕십리로 331, 서울, 대한민국","37.5626","127.033"
"서울역그릴","청파로 378, 서울, 대한민국","37.5491","126.97"
"갤러리 - 그랜드 하얏트 서울","용산구 소월로 322, 서울, 대한민국","37.539","126.996"
"브리오슈도레그랑서울점","종로구 종로 33, 서울, 대한민국","37.5717","127.001"
"쟈니덤플링","용산구 보광로59길 5, 서울, 대한민국","37.5338","126.994"
"서울미트볼","월드컵로14길 56, 서울, 대한민국","37.5566","126.913"
"대성갈비","성동구 성수동1가 668-21, 서울, 대한민국","37.547","127.044"
"루프탑 바","강남구 봉은사로 155, 서울, 대한민국","37.5068","127.031"
"휴135","용산구 이태원로55나길 6, 서울, 대한민국","37.5366","126.999"
"마르코 폴로","강남구 삼성동 159-1 트레이드타워 52층, 서울, 대한민국","37.5103","127.061"
"효자베이커리","필운대로 54, 서울, 대한민국","37.5809","126.969"
"도우룸","서초구 동광로 99, 서울, 대한민국","37.4938","126.993"
"하노이의 아침 서울역점","용산구 동자동 12 게이트타워 1층, 서울, 대한민국","37.5535","126.974"
"최고집 홍대점","마포구 월드컵북로2길 25, 서울, 대한민국","37.5564","126.922"
"이니스프리 그린카페","중구 명동길 13, 서울, 대한민국","37.5638","126.983"
"교촌치킨 동대문1호점","종로구 종로 294, 서울, 대한민국","37.5712","127.011"
"지화자","종로구 자하문로 125, 서울, 대한민국","37.5871","126.969"
"랑빠스81","마포구 동교로30길 17-1, 서울, 대한민국","37.5602","126.925"
"강가 무교점","중구 태평로1가 84 서울파이낸스센터 지하 2층, 서울, 대한민국","37.5684","126.978"
"베이비 기네스","용산구 이태원동 119-17 2F, 서울, 대한민국","37.5348","126.993"
"나폴레옹 과자점 성북점","성북구 성북로 7, 서울, 대한민국","37.5889","127.005"
"용금옥","종로구 통인동 118-5, 서울, 대한민국","37.5797","126.971"
"무차초 서울","봉은사로4길 37, 서울, 대한민국","37.5024","127.027"
"베니니","종로구 신문로2가 1-153, 서울, 대한민국","37.5706","126.972"
"꽃살집","마포구 동교로 212-2, 서울, 대한민국","37.5591","126.924"
"수미","마포구 동교로46길 21, 서울, 대한민국","37.5623","126.926"
"송옥","중구 남대문로1길 7, 서울, 대한민국","37.5613","126.977"
"바르다김선생","관악로 164, 서울, 대한민국","37.4796","126.953"
"브레드숨","동작구 노량진로18길 37, 서울, 대한민국","37.5123","126.952"
"배스킨라빈스31 - 공항철도서울역사점","용산구 청파로 378, 서울, 대한민국","37.5491","126.97"
"용금옥","자하문로 41-1, 서울, 대한민국","37.5797","126.971"
"당가원","신촌로 60, 서울, 대한민국","37.5564","126.932"
"상일동287","상일로3길 13, 서울, 대한민국","37.5485","127.172"
"새마을식당","세종대로20길 19, 서울, 대한민국","37.5671","126.978"
"박용석스시","월드컵북로 30, 서울, 대한민국","37.5573","126.919"
"황토방","관악로12길 6, 서울, 대한민국","37.4781","126.953"
"자도랭킹샵","남부순환로 1595, 서울, 대한민국","37.4842","126.928"
"띵크커피","신촌로 83, 서울, 대한민국","37.5561","126.936"
"띵크커피","종로33길 15, 서울, 대한민국","37.5718","127.001"
"깃대봉냉면","지봉로12길 3, 서울, 대한민국","37.5771","127.016"
"당가원","신촌로 60, 서울, 대한민국","37.5564","126.932"
"영동족발","남부순환로 2628-18, 서울, 대한민국","37.4842","127.038"
"테라로사","영동대로 513, 서울, 대한민국","37.5102","127.059"
"포코아포코","관악로 232-1, 서울, 대한민국","37.485","126.956"
"삼수갑산","세종대로4길 8, 서울, 대한민국","37.5582","126.974"
"상일동287","상일로3길 13, 서울, 대한민국","37.5485","127.172"
"야스","용산구 이태원로27길 6, 서울, 대한민국","37.535","126.996"
"민물장어직판장 장어세상","서대문구 세검정로 11, 서울, 대한민국","37.5921","126.943"
"그라노","강남구 신사동 645-1번지 1층, 서울, 대한민국","37.5261","127.035"
"콘반","동대문구 한천로26길 48-12, 서울, 대한민국","37.5706","127.068"
"빌라드스파이시 - 서울로 테라스점","중구 퇴계로 18, 서울, 대한민국","37.5565","126.975"
"삼전회전초밥","종로구 당주동 15-7, 서울, 대한민국","37.5715","126.975"
"멧앤멜","용산구 우사단로4길 36, 서울, 대한민국","37.5313","126.999"
"정우연","청파로 378, 서울, 대한민국","37.5491","126.97"
"제일제면소","영중로 15, 서울, 대한민국","37.517","126.904"
"치맥한잔","종로 33, 서울, 대한민국","37.5717","127.001"
"차이나당","낙성대로 16, 서울, 대한민국","37.4771","126.959"
"탱천99불고기","퇴계로 447, 서울, 대한민국","37.5659","127.022"
"만리장성","관악로 146, 서울, 대한민국","37.4782","126.953"
"돈수백","홍익로6길 56, 서울, 대한민국","37.5563","126.924"
"리치망고","논현로157길 55, 서울, 대한민국","37.5208","127.024"
"롯데리아","한강대로 405, 서울, 대한민국","37.5491","126.97"
"마구로젠","논현로86길 32, 서울, 대한민국","37.5003","127.04"
"경복궁 박광일 스시 카페","종로구 자하문로 38, 서울, 대한민국","37.5793","126.972"
"불고기브라더스","한강대로23길 55, 서울, 대한민국","37.5289","126.964"
"공차","한강대로 416, 서울, 대한민국","37.5555","126.974"
"롯데리아","한강대로 405, 서울, 대한민국","37.5491","126.97"
"마구로젠","논현로86길 32, 서울, 대한민국","37.5003","127.04"
"브루스리","서초구 양재천로 147-1, 서울, 대한민국","37.4797","127.043"
"멧앤멜","용산구 우사단로4길 36, 서울, 대한민국","37.5313","126.999"
"포옹싸","은평구 통일로 1022, 서울, 대한민국","37.6124","126.929"
"소복소복 압구정","서울, 대한민국","37.5665","126.978"
"아란치오","강남구 테헤란로 134, 서울, 대한민국","37.4993","127.034"
"빕스 서울대입구역점","관악구 봉천동 32-8, 서울, 대한민국","37.4843","126.955"
"본스시 소공점","중구 소공동 25, 서울, 대한민국","37.5638","126.981"
"탐앤탐스커피 서울역점","용산구 동자동 12  게이트웨이타워 201, 서울, 대한민국","37.5534","126.973"
"코지마","강남구 압구정로60길 21, 서울, 대한민국","37.5257","127.042"
"베테랑 센트럴지점","서초구 신반포로 176, 서울, 대한민국","37.5041","127.003"
"갓파스시","디지털로 288, 서울, 대한민국","37.4835","126.895"
"갓덴스시","종로12길 14, 서울, 대한민국","37.5694","126.986"
"모비딕커피","관악로 144, 서울, 대한민국","37.4779","126.953"
"모찌","용산구 우사단로14길 11, 서울, 대한민국","37.5341","126.997"
"신의주찹쌀순대","개포로 623, 서울, 대한민국","37.4939","127.08"
"오리지날시카고","이태원로27가길 37, 서울, 대한민국","37.5348","126.993"
"JJ마호니즈","소월로 322, 서울, 대한민국","37.539","126.996"
"산골면옥춘천막국수","중구 을지로 175-3, 서울, 대한민국","37.5669","126.997"
"테르미니","화랑로53길 10, 서울, 대한민국","37.6264","127.094"
"스타벅스 서울중앙우체국점","중구 소공로 70, 서울, 대한민국","37.5616","126.982"
"던킨 도너츠 공항철도 서울역점","용산구 동자동 서울역사 내 도심공항 터미널 2층, 서울, 대한민국","37.5523","126.972"
"스타벅스 서울역동자동점","용산구 한강대로 372, 서울, 대한민국","37.536","126.971"
"스타벅스 서울 시네마점","종로구 관서동 59-7  1F, 서울, 대한민국","37.5696","126.992"
"신선설농탕 명동점","중구 명동길 56-1, 서울, 대한민국","37.5636","126.985"
"류니끄","강남구 강남대로162길 40, 서울, 대한민국","37.5207","127.022"
"패션 5","용산구 이태원로 272, 서울, 대한민국","37.5387","127.002"
"백리향","영등포구 63로 50, 서울, 대한민국","37.5195","126.94"
"민가다헌","종로구 경운동 66-7, 서울, 대한민국","37.5747","126.986"
"민가다헌","종로구 경운동 66-7, 서울, 대한민국","37.5747","126.986"
"남산다이너앤펍","용산구 한강대로 366, 서울, 대한민국","37.536","126.971"
"델비노","광진구 워커힐로 177, 서울, 대한민국","37.5558","127.111"
"마복림 원조 할머니집 떡볶이","중구 신당1동 292-112, 서울, 대한민국","37.5632","127.015"
"Namu","광진구 워커힐로 177, 서울, 대한민국","37.5558","127.111"
"유진식당","종로구 종로17길 40, 서울, 대한민국","37.572","126.988"
"테라로사 광화문점","종로구 종로1길 50, 서울, 대한민국","37.5746","126.979"
"미가본","중구 명동길 56, 서울, 대한민국","37.5637","126.985"
"밍글스","강남구 청담동 도산대로 67 길 19, 서울, 대한민국","37.5253","127.044"
"리틀 인디아 서울","용산구 이태원1동137-61, 서울, 대한민국","37.5333","126.997"
"빈스빈스 커피 죽전점","기흥구 보정동 1181-5, 서울, 대한민국","37.3222","127.11"
"포포인츠바이쉐라톤서울남산 더이터리","용산구 한강대로 366, 서울, 대한민국","37.536","126.971"
"뉘조","종로구 관훈동 84-13, 서울, 대한민국","37.5751","126.985"
"카페 도도&","종로구 소격동 119, 서울, 대한민국","37.5799","126.982"
"바스버거 광화문점","중구 다동길 5, 서울, 대한민국","37.5681","126.98"
"갓덴스시","올림픽로 300, 서울, 대한민국","37.5134","127.104"
"정동국밥","세종대로 119, 서울, 대한민국","37.5669","126.977"
"안동찜닭","종로구 명륜4가 142, 서울, 대한민국","37.5818","127"
"제주국수","성동구 성수이로 118, 서울, 대한민국","37.5451","127.058"
"삼해집","종로11길 10, 서울, 대한민국","37.5707","126.986"
"커피 명가 안암점","성북구 안암로5길 40, 서울, 대한민국","37.5812","127.023"
"동북화과왕","종로46길 11, 서울, 대한민국","37.571","127.011"
"정동국시","중구 정동길 5, 서울, 대한민국","37.5678","126.97"
"오향족발","마포구 공덕동 256-11, 서울, 대한민국","37.5447","126.953"
"마포옥","마포구 토정로 312, 서울, 대한민국","37.5398","126.943"
"송죽","중구 태평로1가 29-1 베스트 웨스턴 뉴 서울 호텔 2층, 서울, 대한민국","37.5679","126.978"
"순천집","노량진로 82, 서울, 대한민국","37.5129","126.935"
"피에르바","을지로 30, 서울, 대한민국","37.565","126.981"
"제주 은희네해장국 - 홍대점","마포구 월드컵북로 43, 서울, 대한민국","37.558","126.918"
"서울삼계탕","남대문로1길 57, 서울, 대한민국","37.5635","126.977"
"사보텐 강남역점","서초구 서초동 1307-20, 서울, 대한민국","37.4999","127.026"
"채빛퀴진","서초구 올림픽대로 683, 서울, 대한민국","37.4837","127.032"
"술탄케밥","용산구 보광로 126, 서울, 대한민국","37.534","126.994"
"남산돈까스","소파로 105-1, 서울, 대한민국","37.5573","126.986"
"오레노","용산구 이태원로27가길 8, 서울, 대한민국","37.5351","126.995"
"로리스 더 프라임립","서초구 서초대로 411, 서울, 대한민국","37.4978","127.026"
"봉피양 서초점","서초구 강남대로53길 11, 서울, 대한민국","37.4939","127.028"
"심야식당 시즌2 주바리 프로젝트","용산구 이태원로20길 2-10, 서울, 대한민국","37.534","126.991"
"모보 바","서울특별시 서초구 신반포로 176, 서울, 대한민국","37.5041","127.003"
"오모리 찌개 잠실 본점","송파구 석촌동 183-2, 서울, 대한민국","37.5082","127.104"
"파리크라상 서울역점","용산구 한강대로 405, 서울, 대한민국","37.5491","126.97"
"코너스톤, 파크 하얏트 서울","강남구 테헤란로 606, 서울, 대한민국","37.5086","127.064"
"스타벅스 소공동점","중구 소공로 106, 서울, 대한민국","37.5644","126.98"
"팬케익 오리지널 스토리","용산구 한남동 261-6, 서울, 대한민국","37.5338","127.008"
"교대곱창","서초구 서초중앙로 79, 서울, 대한민국","37.4888","127.014"
"럼퍼스 룸","서울시 용산구 장문로 23, 서울, 대한민국","37.5289","126.993"
"다운타우너 - 청담점","강남구 도산대로53길 14, 서울, 대한민국","37.524","127.039"
"무스쿠스 잠실점","송파구 신천동 7-18, 서울, 대한민국","37.5143","127.101"
"우스마니아","용산구 우사단로 34, 서울, 대한민국","37.5332","126.996"
"올반 센트럴시티점","서초구 사평대로 205, 서울, 대한민국","37.5044","127.008"
"아키라백 서울","새문안로 97, 서울, 대한민국","37.5697","126.972"
"마칸 할랄 코리안 레스토랑","용산구 우사단로10길 52, 서울, 대한민국","37.5326","126.998"
"품 서울","용산구 두텁바위로60길 49, 서울, 대한민국","37.549","126.983"
"지노스","용산구 녹사평대로40길 46, 서울, 대한민국","37.5344","126.988"
"더 부스","용산구 이태원동 705, 서울, 대한민국","37.5394","126.988"
"스타벅스 서울극장점","종로구 돈화문로 13, 서울, 대한민국","37.5696","126.992"
"더 마고 그릴","서울특별시 서초구 신반포로 176, 서울, 대한민국","37.5041","127.003"
"제일제면소 영등포 타임스퀘어점","영등포구 영중로 15, 서울, 대한민국","37.517","126.904"
"투썸플레이스 엔타워점","용산구 남산공원길 105, 서울, 대한민국","37.5509","126.989"
"목란","연희로15길 21, 서울, 대한민국","37.5683","126.93"
"명동전주중앙회관","중구 명동8나길 19, 서울, 대한민국","37.5611","126.984"
"스타벅스 광화문점","종로구 세종대로 167, 서울, 대한민국","37.5712","126.976"
"충무김밥","중구 명동10길 19, 서울, 대한민국","37.5629","126.985"
"필동면옥","중구 필동3가 1-5, 서울, 대한민국","37.5604","126.997"
"콘티넨탈","중구 장충동 2-202 신라 호텔 23층, 서울, 대한민국","37.557","127.006"
"삼해집","종로구 수표로20길 16-15, 서울, 대한민국","37.5698","126.991"
"반타이","종로구 율곡로 65, 서울, 대한민국","37.5771","126.986"
"자하 손만두","종로구 백석동길 12, 서울, 대한민국","37.5931","126.966"
"마포 양지 설렁탕","마포구 새창로 6, 서울, 대한민국","37.542","126.95"
"통통 돼지","서대문구 창천동 13-33, 서울, 대한민국","37.5573","126.938"
"엘쁠라또 광화문","서울시 중구 태평로1가 84번지, 서울, 대한민국","37.5684","126.978"
"투스카니","중구 소공로 119 플라자 호텔 2층, 서울, 대한민국","37.5646","126.978"
"에베레스트","종로구 창신동 148-1, 서울, 대한민국","37.5725","127.012"
"워킹 온 더 클라우드","영등포구 63로 50, 서울, 대한민국","37.5195","126.94"
"포탈라 레스토랑 종로점","종로구 관철동 35-2 수표교빌딩 지하1층, 서울, 대한민국","37.5684","126.989"
"키친485","양화로6길 67, 서울, 대한민국","37.5487","126.918"
"태극당","중구 동호로24길 7, 서울, 대한민국","37.5595","127.005"
"레이어드","종로구 북촌로2길 2-3, 서울, 대한민국","37.5777","126.986"
"혜화도담","종로구 대명1길 16-6, 서울, 대한민국","37.583","127"
"파이어벨 버거","강남구 선릉로72길 13, 서울, 대한민국","37.5004","127.052"
"뽀모도로 코엑스몰점","강남구 봉은사로 524, 서울, 대한민국","37.5102","127.059"
"서울갈빗살","서울 서초구 서초대로 50길 66 성은빌딩 2층, 서울, 대한민국","37.4904","127.013"
"The Black Whale Bar","29, Duteopbawi-ro 1-gil, Yongsan-gu, 서울, 대한민국","37.5458","126.974"
"아이엠.어버거&","마포구 와우산로30길 13, 서울, 대한민국","37.5541","126.93"
"애플하우스 즉석떡볶이","동작구 동작대로27다길 29, 서울, 대한민국","37.4862","126.981"
"부에노스아이레스 와인 & 스테이크","강남구 선릉로 533, 서울, 대한민국","37.5069","127.047"
"더라이브러리","중구 동호로 249, 서울, 대한민국","37.5577","127.008"
"아르모니움","용산구 대사관로 33, 서울, 대한민국","37.5338","127.002"
"브릭 오븐 뉴욕 피자","강남구 역삼동 617-4 2층, 서울, 대한민국","37.5031","127.028"
"배드파머스","압구정로4길 31, 서울, 대한민국","37.5215","127.021"
"빅락","강남구 강남대로94길 21, 서울, 대한민국","37.4997","127.029"
"안동국시","강남구 신사동 612-2, 서울, 대한민국","37.5266","127.029"
"유끼노스시","강남구 신사동 583-3 JB미소빌딩 2층, 서울, 대한민국","37.5232","127.049"
"뽀모도로 광화문지점","종로구 당주동 22-1 일선빌딩 1층, 서울, 대한민국","37.6082","126.958"
"도미노피자 역삼점","강남구 역삼동 721-36, 서울, 대한민국","37.4998","127.044"
"피자헛 성신여대점","성북구 동선동1가 85-80, 서울, 대한민국","37.5922","127.018"
"코끼리분식","마포구 도화동 345-4, 서울, 대한민국","37.5403","126.949"
"그릴아지사이","강남구 역삼동 647-11, 서울, 대한민국","37.5003","127.033"
"충무집","다동 140, 서울, 대한민국","37.5671","126.981"
"진동횟집","서초구 잠원동 36-32, 서울, 대한민국","37.5122","127.02"
"떡쌈 시대","종로구 관철동 44-1, 서울, 대한민국","37.5694","126.984"
"스매싱볼 강남점","강남대로 468 충림빌딩, 서울, 대한민국","37.5042","127.025"
"카페 심포니","서초구 남부순환로 2406, 서울, 대한민국","37.4786","127.011"
"브롱스","과천대로 947, 서울, 대한민국","37.4751","126.981"
"엽기꼼닭발","왕십리로22길 3, 서울, 대한민국","37.5626","127.034"
"브레드몽드","관악로 200, 서울, 대한민국","37.4826","126.954"
"이치류","잔다리로3안길 44, 서울, 대한민국","37.5506","126.919"
"횡성고기마을","방배중앙로29길 3, 서울, 대한민국","37.4964","126.985"
"사바로","이태원로 153, 서울, 대한민국","37.5346","126.991"
"오니스시","어울마당로 135, 서울, 대한민국","37.5563","126.925"
"맥도날드","왕십리로 321, 서울, 대한민국","37.5621","127.034"
"호남마을","역삼로7길 2, 서울, 대한민국","37.4943","127.033"
"히까리","강남대로 506, 서울, 대한민국","37.5074","127.023"
"풍년농산","북촌로5가길 32, 서울, 대한민국","37.5809","126.982"
"갈스시","토정로37길 41, 서울, 대한민국","37.5426","126.947"
"기다스시","압구정로10길 30-11, 서울, 대한민국","37.5222","127.021"
"기꾸스시","연세로5다길 35, 서울, 대한민국","37.5568","126.934"
"구로곱창","조원로 9, 서울, 대한민국","37.4836","126.904"
"함경도찹쌀순대전문점","송파대로28길 32, 서울, 대한민국","37.4947","127.121"
"마루샤브","천호대로 633, 서울, 대한민국","37.5542","127.088"
"마루샤브","천호대로 633, 서울, 대한민국","37.5542","127.088"
"홀리차우","이태원로 179, 서울, 대한민국","37.5347","126.994"
"청화초밥","올림픽로32길 41, 서울, 대한민국","37.5129","127.111"
"최우영스시","디지털로 288, 서울, 대한민국","37.4835","126.895"
"산천봉피양","청파로 378, 서울, 대한민국","37.5491","126.97"
"메종드루즈","보문로34길 68-5, 서울, 대한민국","37.5909","127.019"
"미켈러바","강남구 도산대로17길 33, 서울, 대한민국","37.5208","127.024"
"브레드몽드","관악로 200, 서울, 대한민국","37.4826","126.954"
"엽기꼼닭발","왕십리로22길 3, 서울, 대한민국","37.5626","127.034"
"사바로","이태원로 153, 서울, 대한민국","37.5346","126.991"
"김뿌라","성미산로 127, 서울, 대한민국","37.5631","126.921"
"스시즈메","독서당로40길 39, 서울, 대한민국","37.5423","127.018"
"스시이끼","종로1길 50, 서울, 대한민국","37.5746","126.979"
"성북동집","성북로 144, 서울, 대한민국","37.5948","126.994"
"우마이도","능동로 135-2, 서울, 대한민국","37.543","127.072"
"수사","목동동로 293, 서울, 대한민국","37.5282","126.876"
"스시테헤란","방배천로 5-6, 서울, 대한민국","37.4773","126.982"
"토다이 중계점","노원구 섬밭로 258, 서울, 대한민국","37.6389","127.065"
"투썸플레이스","남산공원길 103, 서울, 대한민국","37.5511","126.988"
"세꼬시","양재대로 1427, 서울, 대한민국","37.5334","127.138"
"오니스시","어울마당로 135, 서울, 대한민국","37.5563","126.925"
"사월식당","광진구 자양로4길 12-1, 서울, 대한민국","37.5314","127.087"
"이치젠","마포구 포은로 109, 서울, 대한민국","37.5566","126.904"
"마부자 생삼겹살김치찌개","강서구 마곡중앙5로 6, 서울, 대한민국","37.565","126.827"
"몽중헌","청담동 100-6, 서울, 대한민국","37.527","127.046"
"물고기자리","강남구 논현동 83-12, 서울, 대한민국","37.5167","127.034"
"명화원","용산구 한강로1가 14-28, 서울, 대한민국","37.5363","126.975"
"유객주 방배점","서초구 방배동 911-19, 서울, 대한민국","37.4821","126.996"
"교촌치킨압구정점","강남구 신사동 640-5 대성빌딩 1층 1호, 서울, 대한민국","37.5275","127.036"
"밀사랑 본점","강남구 대치1동 1024-4, 서울, 대한민국","37.4969","127.056"
"몽중헌","청담동 100-6, 서울, 대한민국","37.527","127.046"
"물고기자리","강남구 논현동 83-12, 서울, 대한민국","37.5167","127.034"
"마부자 생삼겹살김치찌개","강서구 마곡중앙5로 6, 서울, 대한민국","37.565","126.827"
"두부 마을","종로구 관훈동 38, 서울, 대한민국","37.5742","126.985"
"동해도 을지로점","중구 남대문로10길 9, 서울, 대한민국","37.5672","126.983"
"스시노백쉐프 강남역본점","강남구 강남대로100길 13, 서울, 대한민국","37.5018","127.027"
"버거킹","무교로 17, 서울, 대한민국","37.5674","126.979"
"본스시","남대문로7길 13, 서울, 대한민국","37.5638","126.981"
"보전식당","언주로 725, 서울, 대한민국","37.5192","127.034"
"바르미스시뷔페","방배천로 11, 서울, 대한민국","37.4777","126.982"
"허수아비","정동길 2-2, 서울, 대한민국","37.5679","126.969"
"혼스시","만양로 93, 서울, 대한민국","37.5118","126.944"
"하시","도산대로98길 11, 서울, 대한민국","37.5237","127.051"
"고향양꼬치","동일로18길 102, 서울, 대한민국","37.5382","127.068"
"효자동초밥","자하문로 14, 서울, 대한민국","37.5773","126.972"
"공차","강남대로 406, 서울, 대한민국","37.4989","127.028"
"황평집","마른내로 74, 서울, 대한민국","37.564","126.996"
"Y1975","선릉로152길 30, 서울, 대한민국","37.5242","127.042"
"고른햇살","개운사길 27, 서울, 대한민국","37.5875","127.029"
"가진항","서초대로50길 93, 서울, 대한민국","37.489","127.014"
"어부5가","테헤란로19길 5, 서울, 대한민국","37.5004","127.033"
"KFC 홍익대점","마포구 양화로 156, 서울, 대한민국","37.5561","126.923"
"던킨도너츠","당산로 45, 서울, 대한민국","37.5185","126.895"
"경스시","양화로8길 16-21, 서울, 대한민국","37.5492","126.915"
"석촌옛터","백제고분로41길 42, 서울, 대한민국","37.5093","127.106"
"두부공작소","강남구 강남대로98길 12-3, 서울, 대한민국","37.5005","127.028"
"소호정","국회대로 800, 서울, 대한민국","37.5309","126.921"
"소호정 무교점","중구 무교로 17-25, 서울, 대한민국","37.5674","126.979"
"스시타쿠","압구정로42길 23, 서울, 대한민국","37.5273","127.035"
"스시타노","서래로5길 30, 서울, 대한민국","37.4979","126.996"
"모힝","남부순환로226길 36, 서울, 대한민국","37.479","126.954"
"명동고로케 32G","중구 명동길 83, 서울, 대한민국","37.5645","126.987"
"버거킹","무교로 17, 서울, 대한민국","37.5674","126.979"
"본스시","남대문로7길 13, 서울, 대한민국","37.5638","126.981"
"보전식당","언주로 725, 서울, 대한민국","37.5192","127.034"
"바르미스시뷔페","방배천로 11, 서울, 대한민국","37.4777","126.982"
"허수아비","정동길 2-2, 서울, 대한민국","37.5679","126.969"
"혼스시","만양로 93, 서울, 대한민국","37.5118","126.944"
"하시","도산대로98길 11, 서울, 대한민국","37.5237","127.051"
"고향양꼬치","동일로18길 102, 서울, 대한민국","37.5382","127.068"
"효자동초밥","자하문로 14, 서울, 대한민국","37.5773","126.972"
"공차","강남대로 406, 서울, 대한민국","37.4989","127.028"
"황평집","마른내로 74, 서울, 대한민국","37.564","126.996"
"그릴파이브타코","강남대로160길 42, 서울, 대한민국","37.5203","127.022"
"고른햇살","개운사길 27, 서울, 대한민국","37.5875","127.029"
"가진항","서초대로50길 93, 서울, 대한민국","37.489","127.014"
"어부5가","테헤란로19길 5, 서울, 대한민국","37.5004","127.033"
"동해도 을지로점","중구 남대문로10길 9, 서울, 대한민국","37.5672","126.983"
"안성또순이","종로구 경희궁길 18, 서울, 대한민국","37.5716","126.972"
"샘밭막국수","서초구 서초대로58길 34, 서울, 대한민국","37.4932","127.018"
"이나니와 요스케","중구 을지로 6, 서울, 대한민국","37.5653","126.979"
"연탄불꼼장어","성동구 상원1길 12, 서울, 대한민국","37.545","127.049"
"아웃백 목동점","양천구 목4동 805-3, 서울, 대한민국","37.5311","126.864"
"던킨 도너츠 상봉역","중랑구 상봉동  115-5번지, 서울, 대한민국","37.5959","127.085"
"롯데리아 상암","마포구 상암동 1601, 서울, 대한민국","37.5801","126.889"
"그랑씨엘 도산점","강남구 신사동 650-22, 서울, 대한민국","37.5233","127.036"
"해미도","영등포구 신길6동 4397 2층, 서울, 대한민국","37.4975","126.917"
"오관스시","동대문구 회기로 121, 서울, 대한민국","37.5916","127.05"
"우메","용산구 이촌로 319, 서울, 대한민국","37.5187","126.982"
"두레국수","강남구 도산대로37길 28, 서울, 대한민국","37.5228","127.032"
"해미도","영등포구 신길6동 4397 2층, 서울, 대한민국","37.4975","126.917"
"옥토버훼스트 강남점","서초구 서초동 1317-31 세계빌딩 지하 1층, 서울, 대한민국","37.4985","127.026"
"무스쿠스 강남점","강남구 역삼동 832-5  디오슈페리움 지하 1층, 서울, 대한민국","37.4921","127.031"
"속초세꼬시 하계점","노원구 하계1동 208-26, 서울, 대한민국","37.6391","127.07"
"7분도초밥","관악구 대학5길 23, 서울, 대한민국","37.4693","126.939"
"스타벅스 명동 엠 플라자 쇼핑몰점","중구 명동2가 31-12  4F, 서울, 대한민국","37.5625","126.985"
"현대옥","역삼로 113, 서울, 대한민국","37.4938","127.031"
"다래함박스텍","수유로 20-2, 서울, 대한민국","37.6327","127.019"
"자하손만두","소공로 63, 서울, 대한민국","37.5609","126.981"
"이자와","동소문로22길 57-23, 서울, 대한민국","37.5908","127.02"
"황해도순대국","까치산로 100-1, 서울, 대한민국","37.5471","126.849"
"홍콩반점0410","관악로 152, 서울, 대한민국","37.4787","126.953"
"광화문빵집","사직로8길 4, 서울, 대한민국","37.5744","126.969"
"당산옛날곱창","영등포구 당산로47길 14, 서울, 대한민국","37.5353","126.902"
"다쯔미","종로 33, 서울, 대한민국","37.5717","127.001"
"카오산","용산구 이태원로20길 13, 서울, 대한민국","37.5337","126.992"
"마포원조떡볶이","도화2길 3, 서울, 대한민국","37.5403","126.949"
"콘타이","어울마당로 46, 서울, 대한민국","37.549","126.921"
"오색찬연","공릉로62길 27-11, 서울, 대한민국","37.6364","127.071"
"삼청동우물집","삼청로11길 11, 서울, 대한민국","37.5883","126.981"
"소담","디지털로33길 28, 서울, 대한민국","37.487","126.895"
"하노이의아침","여의동로 213, 서울, 대한민국","37.5185","126.94"
"화포식당","영등포로 248, 서울, 대한민국","37.5188","126.909"
"해우리","율곡로 6, 서울, 대한민국","37.5754","126.98"
"해우리","퇴계로 72, 서울, 대한민국","37.5591","126.981"
"KFC","왕십리광장로 17, 서울, 대한민국","37.5621","127.038"
"스시혼","도봉로110길 8, 서울, 대한민국","37.6462","127.034"
"스타벅스 예술의전당점","서초구 남부순환로323길 1, 서울, 대한민국","37.4811","127.013"
"우바","워커힐로 177, 서울, 대한민국","37.5558","127.111"
"소호정","논현로 27, 서울, 대한민국","37.4732","127.049"
"삼청동우물집","삼청로11길 11, 서울, 대한민국","37.5883","126.981"
"로지노키친","청파로43길 11, 서울, 대한민국","37.5435","126.97"
"화포식당","영등포로 248, 서울, 대한민국","37.5188","126.909"
"가마마루이라멘","성산로22길 4, 서울, 대한민국","37.5604","126.933"
"우메","용산구 이촌로 319, 서울, 대한민국","37.5187","126.982"
"두레국수","강남구 도산대로37길 28, 서울, 대한민국","37.5228","127.032"
"따뚱","서초구 강남대로107길 6, 서울, 대한민국","37.5185","127.018"
"파리바게뜨","도신로29길 15, 서울, 대한민국","37.5098","126.904"
"해우리","퇴계로 72, 서울, 대한민국","37.5591","126.981"
"카오산","용산구 이태원로20길 13, 서울, 대한민국","37.5337","126.992"
"왕십리곱창","사가정로51길 21, 서울, 대한민국","37.5819","127.088"
"콘타이","어울마당로 46, 서울, 대한민국","37.549","126.921"
"오색찬연","공릉로62길 27-11, 서울, 대한민국","37.6364","127.071"
"홍대 닭갈비","마포구 홍익로3길 32, 서울, 대한민국","37.5531","126.922"
"이삭토스트 명동점","중구 퇴계로 105, 서울, 대한민국","37.5608","126.983"
"예지식당","중구 명동1가 42-2, 서울, 대한민국","37.5646","126.984"
"흑화당 - 서울 홍대 본점","마포구 와우산로21길 24, 서울, 대한민국","37.5524","126.923"
"서울식품","종로구 종로18길 32, 서울, 대한민국","37.569","126.991"
"서울 장승배기","동작구 노량진2동 309-4, 서울, 대한민국","37.508","126.94"
"삼원 가든 본점","강남구 언주로 835, 서울, 대한민국","37.5249","127.033"
"서울 진풍경","용산구 후암로 107, 서울, 대한민국","37.5535","126.974"
"서울대동원관","관악로 1, 서울, 대한민국","37.4603","126.954"
"스타벅스 서울대역점","관악구 남부순환로 1817, 서울, 대한민국","37.4816","126.952"
"진주회관","중구 세종대로11길 26, 서울, 대한민국","37.5623","126.974"
"왕 타이","용산구 이태원동 176-2 영화빌딩 3층, 서울, 대한민국","37.54","126.992"
"테판","용산구 소월로 322, 서울, 대한민국","37.539","126.996"
"서울 베이킹 컴퍼니 - JW 메리어트 동대문 스퀘어 서울","종로구 청계천로 279, 서울, 대한민국","37.5688","127.001"
"더스트릿","강남구 도산대로 529, 서울, 대한민국","37.5251","127.051"
"곰바위","강남구 삼성동 151-4, 서울, 대한민국","37.5102","127.055"
"조앤더주스 - 강남점","테헤란로 521, 서울, 대한민국","37.5091","127.061"
"조앤더주스 - 광화문점","종로구 종로1, 서울, 대한민국","37.5709","126.978"
"더 베이커스 테이블","용산구 녹사평대로 244-1, 서울, 대한민국","37.5394","126.987"
"석파랑","종로구 홍지동 125, 서울, 대한민국","37.5992","126.959"
"Charles H.","종로구 새문안로 97, 서울, 대한민국","37.5697","126.972"
"빌즈 잠실","송파구 올림픽로 300, 서울, 대한민국","37.5134","127.104"
"사랑의고기","종로구 사직로8길 4, 서울, 대한민국","37.5744","126.969"
"가메골 손만두","중구 남창동 60-2, 서울, 대한민국","37.5583","126.977"
"불고기 브라더스 서울 파이낸스 센터점","중구 태평로 1가 84번지 서울파이낸스센터 지하 2층 3호, 서울, 대한민국","37.5684","126.978"
"카페 마마스 청계천점","중구 을지로5길 26, 서울, 대한민국","37.5674","126.985"
"타지 명동점","중구 명동1가 1-3 YWCA 빌딩, 서울, 대한민국","37.5643","126.986"
"일미 간장 게장","동대문구 장안2동 367-3, 서울, 대한민국","37.5708","127.071"
"너비집","중구 명동9길 37-8, 서울, 대한민국","37.5655","126.984"
"루온루온","마포구 동교로38길 20, 서울, 대한민국","37.5619","126.925"
"무라사키","중구 소공로 119, 서울, 대한민국","37.5646","126.978"
"애슐리 노들나루점","영등포구 여의동로 290, 서울, 대한민국","37.5288","126.936"
"봉이만두찐빵","망우로21길 36, 서울, 대한민국","37.5904","127.061"
"박용석스시","동교로 126, 서울, 대한민국","37.5547","126.916"
"스시히또","와우산로15길 33, 서울, 대한민국","37.5491","126.922"
"스시도쿠","왕십리광장로 8, 서울, 대한민국","37.561","127.036"
"둘둘치킨","아차산로 467, 서울, 대한민국","37.5401","127.094"
"심슨탕","중구 명동길 52, 서울, 대한민국","37.5637","126.985"
"호수삼계탕","도림로86길 1, 서울, 대한민국","37.5031","126.904"
"명동 부산집","중구 명동2가 32-7, 서울, 대한민국","37.5631","126.985"
"해주냉면","송파구 올림픽로12길 5-22, 서울, 대한민국","37.511","127.084"
"히이로 건대점","광진구 화양동 504-2 1층, 서울, 대한민국","37.5453","127.076"
"황소집","중구 충무로2길 2, 서울, 대한민국","37.5625","126.993"
"수사 광화문D타워점","종로구 종로3길 17, 서울, 대한민국","37.5717","126.98"
"정돈","종로구 대학로9길 12, 서울, 대한민국","37.5818","127.001"
"펠앤콜","와우산로 39-21, 서울, 대한민국","37.5481","126.922"
"누들박스","한강대로 405, 서울, 대한민국","37.5491","126.97"
"오븐에 빠진 닭 명동2중앙점","중구 명동10길 20, 서울, 대한민국","37.5629","126.985"
"정돈","종로구 대학로9길 12, 서울, 대한민국","37.5818","127.001"
"수사 광화문D타워점","종로구 종로3길 17, 서울, 대한민국","37.5717","126.98"
"브롱스 - 연남점","마포구 월드컵북로4길 51, 서울, 대한민국","37.5584","126.922"
"성천막국수","동대문구 전농로 48, 서울, 대한민국","37.569","127.057"
"스시소라 - 광화문점","종로구 종로 19, 서울, 대한민국","37.5708","126.98"
"나누다 키친-광화문점","종로구 새문안로9길 9, 서울, 대한민국","37.5706","126.976"
"이르미요","마포구 독막로 75, 서울, 대한민국","37.5479","126.922"
"동해도","영등포구 여의도동 14-15 안워빌딩 지하 1층, 서울, 대한민국","37.5286","126.921"
"스시유","강남구 대치동 949-1, 서울, 대한민국","37.5056","127.064"
"가연","강남구 역삼동 700-9, 서울, 대한민국","37.5049","127.042"
"낭만짬뽕","양화로 45, 서울, 대한민국","37.549","126.913"
"하쯔호","여의동로 213, 서울, 대한민국","37.5185","126.94"
"도원","소공로 119, 서울, 대한민국","37.5646","126.978"
"긴자바이린 종로점","종로구 율곡로1길 37, 서울, 대한민국","37.5775","126.98"
"헤르만 쿠키","광진구 자양로26길 16, 서울, 대한민국","37.5416","127.085"
"고향풍천장어","종로구 낙원동 94, 서울, 대한민국","37.5729","126.988"
"남포면옥","중구 을지로3길 24, 서울, 대한민국","37.5671","126.982"
"헴라갓","중구 소공로 35, 서울, 대한민국","37.5606","126.982"
"서울역 푸드코트","용산구 한강대로 405, 서울, 대한민국","37.5491","126.97"
"서울트럭","송파구 올림픽로 300, 서울, 대한민국","37.5134","127.104"
"설빙 인사점","종로구 인사동 39번지, 서울, 대한민국","37.5721","126.987"
"안동찜닭","Myeong-dong 2ga, 2-2, 서울, 대한민국","37.5636","126.985"
"이남장 을지로본점","중구 삼일대로12길 16, 서울, 대한민국","37.5666","126.989"
"BLT 스테이크","종로구 청계천로 279, 서울, 대한민국","37.5688","127.001"
"마장 왕순대","성동구 마장동 574, 서울, 대한민국","37.5663","127.036"
"오막집","강남구 역삼2동 722-4, 서울, 대한민국","37.4999","127.042"
"백운산장","강북구 우이동 산 80, 서울, 대한민국","37.6722","127.007"
"카페베네 청량리역점","동대문구 전농동 591-1번지, 서울, 대한민국","37.5816","127.048"
"함경냉면","송파구 잠실본동 183-5, 서울, 대한민국","37.5109","127.084"
